run_name,optimizer_name,learning_rate,epochs,num_train_samples,max_seq_len,micro_batch_size,grad_accum_steps,effective_batch_size,total_time_sec,peak_mem_gb,optimizer_steps,seed,device,num_log_rows,final_logged_loss,min_logged_loss,avg_last_10_loss,final_logged_lr,max_logged_mem_peak_gb,avg_step_time_sec,avg_optimizer_time_sec
adamw_lora,adamw,0.001,2,5000,512,4,1,4,322.4424698352814,7.546240329742432,2500,42,cuda,250,2.495924472808838,2.2294198870658875,2.517198991775513,0.0,7.546240329742432,0.1256414384841919,0.0010281600952148438
muon_lora,muon,0.01,2,5000,512,4,1,4,399.3100733757019,7.544226169586182,2500,42,cuda,250,6.141344308853149,2.482818675041199,6.072762584686279,0.0,7.544226169586182,0.15694950485229492,0.029222740173339843
